name,address,region
PT. USAHA EXPRESS BATAM,"Jl. Imam Bonjol, Komplek Bumi Indah Blok B No.7, Lubuk Baja, Nagoya - Batam",batam
SEMERU Catering Batam,"Jl. Raja Isa, Komplek Ruko Purimas Blok A46 Batam Kota",batam
POKJAR UT BATAM,RUKO TIBAN MAS ASRI BLOKA D NO 03 - TIBAN - SEKUPANG - BATAM,batam
Kantor Pengacara Desnata Firdaus & Associate Batam,"Ruko Alexandria Business Center Blok B8 No.15, Anggrek Sari, Batam Center.",batam
Agen Fiforlif Batam Batam,"Perum Tiban Mc Dermot II blok L no 10A
Tiban Indah â€“ Sekupang
Batam
WA/HP 082174117050 / 08127059234",batam
Bizlink Photo Studio Batam,"Ruko Nagoya hill R4E3, Lubuk Baja, batam, kepri",batam
Twohand Jasa Ketik,Tiban Bukit Asri Blok P23,batam
PT. HIKMAH ASIA BATAM TOUR & TRAVEL,"Jl. Nurul Ikhlas Kampung Durian Blok D No.2
Bengkong Sadai Kota Batam
Tel. 0778-7413199 CP. 081372924193",batam
Exotic Rent Car Batam,"jln. ranai no 15 bengkong asrama polisi , batam Batam",batam
PT Pancuradya Sejahtera,Jl Laks L RE Martadinata Batam,batam
PT Golden Star,Kompl Bumi Riau Makmur Bl B/2 Batam,batam
PT Bamolindo,Kompl Seruni Bl B/24 Batam,batam
PT Pancuradya Sejahtera,Jl Laks L RE Martadinata Batam,batam
PT Golden Star,Kompl Bumi Riau Makmur Bl B/2 Batam,batam
PT Bamolindo,Kompl Seruni Bl B/24 Batam,batam
Exotic Rent Car Batam,"jln. ranai no 15 bengkong asrama polisi , batam Batam",batam
PT Pancuradya Sejahtera,Jl Laks L RE Martadinata Batam,batam
PT Golden Star,Kompl Bumi Riau Makmur Bl B/2 Batam,batam
PT Bamolindo,Kompl Seruni Bl B/24 Batam,batam
PT Pancuradya Sejahtera,Jl Laks L RE Martadinata Batam,batam
PT Golden Star,Kompl Bumi Riau Makmur Bl B/2 Batam,batam
PT Bamolindo,Kompl Seruni Bl B/24 Batam,batam
Exotic Rent Car Batam,"jln. ranai no 15 bengkong asrama polisi , batam Batam",batam
PT Pancuradya Sejahtera,Jl Laks L RE Martadinata Batam,batam
PT Golden Star,Kompl Bumi Riau Makmur Bl B/2 Batam,batam
PT Bamolindo,Kompl Seruni Bl B/24 Batam,batam
PT Pancuradya Sejahtera,Jl Laks L RE Martadinata Batam,batam
PT Golden Star,Kompl Bumi Riau Makmur Bl B/2 Batam,batam
PT Bamolindo,Kompl Seruni Bl B/24 Batam,batam
NG & Associates Law Firm,"Komplek Town House Glory Home Blok A1, No. 07, Sei Panas, Batam, Indonesia.",batam
Exotic Rent Car Batam,"jln. ranai no 15 bengkong asrama polisi , batam Batam",batam
PT Pancuradya Sejahtera,Jl Laks L RE Martadinata Batam,batam
PT Golden Star,Kompl Bumi Riau Makmur Bl B/2 Batam,batam
PT Bamolindo,Kompl Seruni Bl B/24 Batam,batam
PT Pancuradya Sejahtera,Jl Laks L RE Martadinata Batam,batam
PT Golden Star,Kompl Bumi Riau Makmur Bl B/2 Batam,batam
PT Bamolindo,Kompl Seruni Bl B/24 Batam,batam
Exotic Rent Car Batam,"jln. ranai no 15 bengkong asrama polisi , batam Batam",batam
PT Pancuradya Sejahtera,Jl Laks L RE Martadinata Batam,batam
PT Golden Star,Kompl Bumi Riau Makmur Bl B/2 Batam,batam
PT Bamolindo,Kompl Seruni Bl B/24 Batam,batam
PT Pancuradya Sejahtera,Jl Laks L RE Martadinata Batam,batam
PT Golden Star,Kompl Bumi Riau Makmur Bl B/2 Batam,batam
PT Bamolindo,Kompl Seruni Bl B/24 Batam,batam
Yemember Salon,Top 100 Plaza Bl C/3 Batam,batam
Wati Salon,Ruko Aviari Bl A-2/3-A Batam,batam
Vista Salon,Nagoya City Centre Bl J/1 Batam,batam
Unique Salon,Business Centre Bl V/5 Batam,batam
Trendi Salon,Kompl Nagoya Garden Bl G/7 Batam,batam
Top Star Salon,Ruko Penuin Centre Bl L/9 Batam,batam
SU Salon,Kompl Nagoya Garden Bl A/6 Batam,batam
Stylist Salon,Ruko Inti Batam Bl F/3 Batam,batam
Sheena Salon,Kompl Penuin Centre Bl G Batam,batam
San San Salon,Kompl Bumi Indah Bl V/39 Batam,batam
Sally Salon,Nagoya Business Centre Bl IV/19 Batam,batam
Risna Salon,Ruko Penuin Centre Bl C/11 Batam,batam
Riko Salon,Kompl Lucky Permai Bl C/26 Batam,batam
Orchid Salon,Jl Imam Bonjol Kompl Batama Bl C/9 Batam,batam
Ningsih Salon,Kp Utama Bl G/45 Batam,batam
New Ladies Salon,Kompl Srijaya Bl D/4 Batam,batam
Mustika Ratu,Nagoya City Centre II Bl K/6 Batam,batam
Mulia Salon,Jl Sumber Jaya B/1 Batam,batam
Monalisa Salon,Jl Lubuk Baja I Bl E/4 Batam,batam
Mercy Salon,Kompl Psr Baloi Bl IV-A/16 Batam,batam
Meggi Salon,Kompl Tanjung Pantun Bl F/11 Batam,batam
Masakini Salon,Nagoya Plaza Hotel Lt Dasar Batam,batam
Magic Salon,Kompl Srijaya Abadi Bl A/4 Batam,batam
Lisa Beauty Salon,Kompl Capana Bl E/5 Batam,batam
Ling Ling Salon,Jl Tanjung Pantun Bl J/10 Batam,batam
Laverna Salon,Kompl Bumi Indah 33 Batam,batam
Krisna Salon,Kompl Bengkong Indah Bl C/57 RT 001/03 Batam,batam
Klassik Salon,Jl Windsor XXI Bl II/P-1 Batam,batam
Kiki Salon,Kompl Bumi Indah Bl I/54-55 Batam,batam
Kharisma Salon,Kompl Wijaya Bl E/10 Batam,batam
Johns Cut Salon,Top 100 Plaza Bl B/10 Batam,batam
Johnny Andrean Salon,Robinson Mall Lt 3 Batam,batam
Jesica Salon,Kompl Penuin Center Bl L/6 Batam,batam
Jeri Salon,Kompl Nagoya New Town Bl G/2 Batam,batam
Imano Salon,Kompl Bumi Indah Bl IV/31 Batam,batam
Grace Salon,Jl Rasamala Bl B-2/11 Batam,batam
Fira Salon,Kompl Inti Sakti Bl B/8 Batam,batam
Fantasi Salon,Psr Angkasa Bl P/3 Batam,batam
Diana Salon,Kompl Bumi Indah Bl I/39 Batam,batam
Deni Salon,Kompl Batam Park Bl A/10 Batam,batam
Cindy Salon,Kompl Penuin Centre Bl L/10 Batam,batam
Cantika Salon,Jl Ambon 15 Batam,batam
Break Salon,Kompl Bumi Indah 17 Batam,batam
Arwana Salon,Nagoya City Centre Bl G/3 Batam,batam
Anggi Salon,Psr Puja Bahari 20 Batam,batam
Angel Salon,Kompl Nagoya Square Bl S/81 Batam,batam
Andi Salon,Kompl Jodoh Square Bl A/5 Batam,batam
AN Salon,Kompl Sakura Anpan Bl C/30 Batam,batam
Alan Salon,Ruko Inti Batam Bl K/2 Batam,batam
Erha 21 Skin Center,Kompl Anggrek Mas Ruko Bl K 9 Batam,batam
Tea Tree Spa,Waterfront Marina City Batam,batam
Martha Tilaar Salon Spa,Top 100 Plaza Bl D/4-5 Batam,batam
PT Tata Cipta Graha Nusa,Batam Centre Batam,batam
Nusantara Tourist Shop,Nagoya City Centre Bl D/1 Batam,batam
Indonesia Art Shop,Nagoya City Centre Bl D/4 Batam,batam
PT Bulpakindo,Kompl Batamindo Industry Park Lot Batam,batam
Mitramat Swalayan,Kompl Sagulung Mas Indah Bl A/4 Batam,batam
Toko Baju Dewasa (TBD),Perumnas Griya Sagulung Permai G/5 Batam,batam
Selline Collection,Kompl Bumi Indah Bl F/1 Batam,batam
Peresah Butik,Kompl Inti Sakti Bl B/6 Batam,batam
Mens Gallery,Melia Panorama Apartement Batam,batam
Diana Boutique,Nagoya Business Centre Bl VI/5-6 Batam,batam
Toko Bela Butik,Mall Nagoya Apartemen Melia Panorama Batam,batam
Adelin Boutique,Kompl Tiban Garden Bl C/26-27 Batam,batam
PT Top 100 Sejati,Top 100 Plaza 1-2-A Lt 3 Batam,batam
PT Sritama Jaya Perkasa,Jl Millenium Core Carnaval Mall Batam,batam
Batam Lucky Plaza,Lucky Plaza Bl F/4-5 Batam,batam
Batam Centre Mall,Kompl First City Batam Centre Mall A2-07 Lt 2 Batam,batam
Batam Lucky Plaza,Lucky Plaza Bl F/4-5 Batam,batam
Ramayana Lestari Sentosa PT Tbk,Mal Jodoh Centre Bl AB Batam,batam
Matahari Putra Prima PT Tbk,Jl Engku Putri Mega Mall Batam Centre Lt 1-2 Batam,batam
PT Kurniaphileo Selaras,Jl Duyung Batam,batam
Batam Centre Mall,Kompl First City Batam Centre Mall A2-07 Lt 2 Batam,batam
PT Top 100 Sejati,Top 100 Plaza 1-2-A Lt 3 Batam,batam
Toko Sumber Harapan,Jl Sei Harapan Psr Bl D/5-6 Batam,batam
PT Star Supermarket,Jl Laksamana Bintan 47 Batam,batam
Sarinah PT Persero,Pus Perbelanjaan Sekupang Bl A/1 Batam,batam
Samarinda Shopping Centre,Kompl Nagoya Baru Batam,batam
PT Kurniaphileo Selaras,Jl Duyung Batam,batam
Kawijaya Minimarket,Kompl Nagoya Business Centre Batam,batam
Jhedy Mini Market,Jl Tanjung Pantun Bl F/10 Batam,batam
Hero Supermarket PT Tbk,Pasar Mayestik BKS 129-130 Lt II Batam,batam
Heri Mini Market,Jl RS Fatmawati 39 ITC Fatmawati 143-144 Lt 1 Batam,batam
PT Gelael Supermarket,Jl Raden Patah 91 Batam,batam
E-mart Supermarket,Jl Pegangsaan Tmr 7-A Batam,batam
Blue Star Supermarket,Jl Raden Pateh 12 Batam,batam
Barata Food Centre,Pasar Ciputat Permai Bl AK/44-45 Batam,batam
PT Astaka Giri Arta,Shop House Bl E-1/22-28 Batam,batam
2001 Supermarket,Pasar Kebayoran Lama Bl B/11 Lt Dasar Batam,batam
Spunbond Batam,Jl. Pelita 7 Komp. Griya Pelita Mas Blok E No.07 Batam,batam
PT Yeow San Plastics Packaging,Jl Asemka Pus Perdag Asemka Bl B/20-21 Lt Basement Batam,batam
PT Metric Packages,Pasar Tanah Abang Bl C/44-45 2 Batam,batam
PT Glopack Packaging,Kawasan Sarana Industri Point Bl A/7 Batam,batam
Toko Waffel Town,Pelabuhan Harbour Bay R-2 Batam,batam
Mini Market Victoria,Ruko Aviari Bl D-1/2 Batam,batam
Mini Market Trio Putra,Ruko Tanah Mas Thp III/12 Batam,batam
PT Tandiguna Utama,Kompl Nagoya Garden Bl G/6 Batam,batam
Mini Market Super Shop,Jl Puja Bahari V 42 Batam,batam
Mini Market Star,Kompl Ruko Tiban Lestari Bl R/1 Batam,batam
Mini Market Serah,Kawasan Kara Industrial Park Bl A/10-C Batam,batam
Mini Market Rio Star,Ruko Senawangi Asri Bl A/6 Batam,batam
Mini Market Palm Spring,Kompl Palm Spring Bl F/6 Batam,batam
Mini Market Nagoya Centre,Kompl Nagoya Business Centre Bl V Batam,batam
Toko My Friend,Jl Tj Pantun Bl C/4 Batam,batam
Mini Market Mulya Baru,Kompl Business Centre Bl I Batam,batam
Toko Milion,Kompl Tanjung Pantun Bl C/8 Batam,batam
Mini Market Mika,Kompl Garama Citra Hill Bl R/8-9 Batam,batam
Mega Mart,Kompl Griya Pelita Mas Bl A/5 Batam,batam
Mari Mampir Minimarket,Genta Plaza Bl C/1 Batam,batam
Lucky Indah,Kompl Nagoya Business Centre Bl IV/25-28 Batam,batam
Mini Market Laris Jaya,Kompl Graha Legenda Malaka Bl B-2/11 Batam,batam
Mini Market King Mart,Pert Aku Tahu Batam,batam
PT Jodoh Centre Indotama,Kompl Tanjung Pantun Bl G/13 Batam,batam
Mini Market Jala Arta,Jl Tj Sengkuang TNI AD Batam,batam
Internasional Bisnis Langgeng,Kompl Nagoya Garden Bl F/65 Batam,batam
Toko Instan,Kompl Penuin Centre Bl C Batam,batam
Mini Market Indah Baru,Ruko Taman Buana Bl E/8-9 Batam,batam
Toko Harapan Jaya,Psr Sei Harapan Bl D/2-3 Batam,batam
Mini Market Green Court,Kompl Bukit Indah Raya 2 Batam,batam
Toko Fresh 1,Top 100 Plaza Bl A/7-8 Batam,batam
Daily Mart Minimarket,Genta Plaza Bl A/8 Batam,batam
Mini Market Bahari,Kompl Nagoya Square Bl D Batam,batam
Mini Market Asli,Kompl Senawangi Asri Bl B/12-A Batam,batam
Toko Waffel Town,Pelabuhan Harbour Bay R-2 Batam,batam
Mini Market Victoria,Ruko Aviari Bl D-1/2 Batam,batam
Mini Market Trio Putra,Ruko Tanah Mas Thp III/12 Batam,batam
PT Tandiguna Utama,Kompl Nagoya Garden Bl G/6 Batam,batam
Mini Market Super Shop,Jl Puja Bahari V 42 Batam,batam
Mini Market Star,Kompl Ruko Tiban Lestari Bl R/1 Batam,batam
Mini Market Serah,Kawasan Kara Industrial Park Bl A/10-C Batam,batam
Mini Market Rio Star,Ruko Senawangi Asri Bl A/6 Batam,batam
Mini Market Palm Spring,Kompl Palm Spring Bl F/6 Batam,batam
Mini Market Nagoya Centre,Kompl Nagoya Business Centre Bl V Batam,batam
Toko My Friend,Jl Tj Pantun Bl C/4 Batam,batam
Mini Market Mulya Baru,Kompl Business Centre Bl I Batam,batam
Toko Milion,Kompl Tanjung Pantun Bl C/8 Batam,batam
Mini Market Mika,Kompl Garama Citra Hill Bl R/8-9 Batam,batam
Mega Mart,Kompl Griya Pelita Mas Bl A/5 Batam,batam
Mari Mampir Minimarket,Genta Plaza Bl C/1 Batam,batam
Lucky Indah,Kompl Nagoya Business Centre Bl IV/25-28 Batam,batam
Mini Market Laris Jaya,Kompl Graha Legenda Malaka Bl B-2/11 Batam,batam
Mini Market King Mart,Pert Aku Tahu Batam,batam
PT Jodoh Centre Indotama,Kompl Tanjung Pantun Bl G/13 Batam,batam
Mini Market Jala Arta,Jl Tj Sengkuang TNI AD Batam,batam
Internasional Bisnis Langgeng,Kompl Nagoya Garden Bl F/65 Batam,batam
Toko Instan,Kompl Penuin Centre Bl C Batam,batam
Mini Market Indah Baru,Ruko Taman Buana Bl E/8-9 Batam,batam
Toko Harapan Jaya,Psr Sei Harapan Bl D/2-3 Batam,batam
Mini Market Green Court,Kompl Bukit Indah Raya 2 Batam,batam
Toko Fresh 1,Top 100 Plaza Bl A/7-8 Batam,batam
Daily Mart Minimarket,Genta Plaza Bl A/8 Batam,batam
Mini Market Bahari,Kompl Nagoya Square Bl D Batam,batam
Mini Market Asli,Kompl Senawangi Asri Bl B/12-A Batam,batam
Toko Waffel Town,Pelabuhan Harbour Bay R-2 Batam,batam
Mini Market Victoria,Ruko Aviari Bl D-1/2 Batam,batam
Mini Market Trio Putra,Ruko Tanah Mas Thp III/12 Batam,batam
PT Tandiguna Utama,Kompl Nagoya Garden Bl G/6 Batam,batam
Mini Market Super Shop,Jl Puja Bahari V 42 Batam,batam
Mini Market Star,Kompl Ruko Tiban Lestari Bl R/1 Batam,batam
Mini Market Serah,Kawasan Kara Industrial Park Bl A/10-C Batam,batam
Mini Market Rio Star,Ruko Senawangi Asri Bl A/6 Batam,batam
Mini Market Palm Spring,Kompl Palm Spring Bl F/6 Batam,batam
Mini Market Nagoya Centre,Kompl Nagoya Business Centre Bl V Batam,batam
Toko My Friend,Jl Tj Pantun Bl C/4 Batam,batam
Mini Market Mulya Baru,Kompl Business Centre Bl I Batam,batam
Toko Milion,Kompl Tanjung Pantun Bl C/8 Batam,batam
Mini Market Mika,Kompl Garama Citra Hill Bl R/8-9 Batam,batam
Mega Mart,Kompl Griya Pelita Mas Bl A/5 Batam,batam
Mari Mampir Minimarket,Genta Plaza Bl C/1 Batam,batam
Lucky Indah,Kompl Nagoya Business Centre Bl IV/25-28 Batam,batam
Mini Market Laris Jaya,Kompl Graha Legenda Malaka Bl B-2/11 Batam,batam
Mini Market King Mart,Pert Aku Tahu Batam,batam
PT Jodoh Centre Indotama,Kompl Tanjung Pantun Bl G/13 Batam,batam
Mini Market Jala Arta,Jl Tj Sengkuang TNI AD Batam,batam
Internasional Bisnis Langgeng,Kompl Nagoya Garden Bl F/65 Batam,batam
Toko Instan,Kompl Penuin Centre Bl C Batam,batam
Mini Market Indah Baru,Ruko Taman Buana Bl E/8-9 Batam,batam
Toko Harapan Jaya,Psr Sei Harapan Bl D/2-3 Batam,batam
Mini Market Green Court,Kompl Bukit Indah Raya 2 Batam,batam
Toko Fresh 1,Top 100 Plaza Bl A/7-8 Batam,batam
Daily Mart Minimarket,Genta Plaza Bl A/8 Batam,batam
Mini Market Bahari,Kompl Nagoya Square Bl D Batam,batam
Mini Market Asli,Kompl Senawangi Asri Bl B/12-A Batam,batam
Toko Waffel Town,Pelabuhan Harbour Bay R-2 Batam,batam
Mini Market Victoria,Ruko Aviari Bl D-1/2 Batam,batam
Mini Market Trio Putra,Ruko Tanah Mas Thp III/12 Batam,batam
PT Tandiguna Utama,Kompl Nagoya Garden Bl G/6 Batam,batam
Mini Market Super Shop,Jl Puja Bahari V 42 Batam,batam
Mini Market Star,Kompl Ruko Tiban Lestari Bl R/1 Batam,batam
Mini Market Serah,Kawasan Kara Industrial Park Bl A/10-C Batam,batam
Mini Market Rio Star,Ruko Senawangi Asri Bl A/6 Batam,batam
Mini Market Palm Spring,Kompl Palm Spring Bl F/6 Batam,batam
Mini Market Nagoya Centre,Kompl Nagoya Business Centre Bl V Batam,batam
Toko My Friend,Jl Tj Pantun Bl C/4 Batam,batam
Mini Market Mulya Baru,Kompl Business Centre Bl I Batam,batam
Toko Milion,Kompl Tanjung Pantun Bl C/8 Batam,batam
Mini Market Mika,Kompl Garama Citra Hill Bl R/8-9 Batam,batam
Mega Mart,Kompl Griya Pelita Mas Bl A/5 Batam,batam
Mari Mampir Minimarket,Genta Plaza Bl C/1 Batam,batam
Lucky Indah,Kompl Nagoya Business Centre Bl IV/25-28 Batam,batam
Mini Market Laris Jaya,Kompl Graha Legenda Malaka Bl B-2/11 Batam,batam
Mini Market King Mart,Pert Aku Tahu Batam,batam
PT Jodoh Centre Indotama,Kompl Tanjung Pantun Bl G/13 Batam,batam
Mini Market Jala Arta,Jl Tj Sengkuang TNI AD Batam,batam
Internasional Bisnis Langgeng,Kompl Nagoya Garden Bl F/65 Batam,batam
Toko Instan,Kompl Penuin Centre Bl C Batam,batam
Mini Market Indah Baru,Ruko Taman Buana Bl E/8-9 Batam,batam
Toko Harapan Jaya,Psr Sei Harapan Bl D/2-3 Batam,batam
Mini Market Green Court,Kompl Bukit Indah Raya 2 Batam,batam
Toko Fresh 1,Top 100 Plaza Bl A/7-8 Batam,batam
Daily Mart Minimarket,Genta Plaza Bl A/8 Batam,batam
Mini Market Bahari,Kompl Nagoya Square Bl D Batam,batam
Mini Market Asli,Kompl Senawangi Asri Bl B/12-A Batam,batam
Toko Waffel Town,Pelabuhan Harbour Bay R-2 Batam,batam
Mini Market Victoria,Ruko Aviari Bl D-1/2 Batam,batam
Mini Market Trio Putra,Ruko Tanah Mas Thp III/12 Batam,batam
PT Tandiguna Utama,Kompl Nagoya Garden Bl G/6 Batam,batam
Mini Market Super Shop,Jl Puja Bahari V 42 Batam,batam
Mini Market Star,Kompl Ruko Tiban Lestari Bl R/1 Batam,batam
Mini Market Serah,Kawasan Kara Industrial Park Bl A/10-C Batam,batam
Mini Market Rio Star,Ruko Senawangi Asri Bl A/6 Batam,batam
Mini Market Palm Spring,Kompl Palm Spring Bl F/6 Batam,batam
Mini Market Nagoya Centre,Kompl Nagoya Business Centre Bl V Batam,batam
Toko My Friend,Jl Tj Pantun Bl C/4 Batam,batam
Mini Market Mulya Baru,Kompl Business Centre Bl I Batam,batam
Toko Milion,Kompl Tanjung Pantun Bl C/8 Batam,batam
Mini Market Mika,Kompl Garama Citra Hill Bl R/8-9 Batam,batam
Mega Mart,Kompl Griya Pelita Mas Bl A/5 Batam,batam
Mari Mampir Minimarket,Genta Plaza Bl C/1 Batam,batam
Lucky Indah,Kompl Nagoya Business Centre Bl IV/25-28 Batam,batam
Mini Market Laris Jaya,Kompl Graha Legenda Malaka Bl B-2/11 Batam,batam
Mini Market King Mart,Pert Aku Tahu Batam,batam
PT Jodoh Centre Indotama,Kompl Tanjung Pantun Bl G/13 Batam,batam
Mini Market Jala Arta,Jl Tj Sengkuang TNI AD Batam,batam
Internasional Bisnis Langgeng,Kompl Nagoya Garden Bl F/65 Batam,batam
Toko Instan,Kompl Penuin Centre Bl C Batam,batam
Mini Market Indah Baru,Ruko Taman Buana Bl E/8-9 Batam,batam
Toko Harapan Jaya,Psr Sei Harapan Bl D/2-3 Batam,batam
Mini Market Green Court,Kompl Bukit Indah Raya 2 Batam,batam
Toko Fresh 1,Top 100 Plaza Bl A/7-8 Batam,batam
Daily Mart Minimarket,Genta Plaza Bl A/8 Batam,batam
Mini Market Bahari,Kompl Nagoya Square Bl D Batam,batam
Mini Market Asli,Kompl Senawangi Asri Bl B/12-A Batam,batam
Toko Waffel Town,Pelabuhan Harbour Bay R-2 Batam,batam
Mini Market Victoria,Ruko Aviari Bl D-1/2 Batam,batam
Mini Market Trio Putra,Ruko Tanah Mas Thp III/12 Batam,batam
PT Tandiguna Utama,Kompl Nagoya Garden Bl G/6 Batam,batam
Mini Market Super Shop,Jl Puja Bahari V 42 Batam,batam
Mini Market Star,Kompl Ruko Tiban Lestari Bl R/1 Batam,batam
Mini Market Serah,Kawasan Kara Industrial Park Bl A/10-C Batam,batam
Mini Market Rio Star,Ruko Senawangi Asri Bl A/6 Batam,batam
Mini Market Palm Spring,Kompl Palm Spring Bl F/6 Batam,batam
Mini Market Nagoya Centre,Kompl Nagoya Business Centre Bl V Batam,batam
Toko My Friend,Jl Tj Pantun Bl C/4 Batam,batam
Mini Market Mulya Baru,Kompl Business Centre Bl I Batam,batam
Toko Milion,Kompl Tanjung Pantun Bl C/8 Batam,batam
Mini Market Mika,Kompl Garama Citra Hill Bl R/8-9 Batam,batam
Mega Mart,Kompl Griya Pelita Mas Bl A/5 Batam,batam
Mari Mampir Minimarket,Genta Plaza Bl C/1 Batam,batam
Lucky Indah,Kompl Nagoya Business Centre Bl IV/25-28 Batam,batam
Mini Market Laris Jaya,Kompl Graha Legenda Malaka Bl B-2/11 Batam,batam
Mini Market King Mart,Pert Aku Tahu Batam,batam
PT Jodoh Centre Indotama,Kompl Tanjung Pantun Bl G/13 Batam,batam
Mini Market Jala Arta,Jl Tj Sengkuang TNI AD Batam,batam
Internasional Bisnis Langgeng,Kompl Nagoya Garden Bl F/65 Batam,batam
Toko Instan,Kompl Penuin Centre Bl C Batam,batam
Mini Market Indah Baru,Ruko Taman Buana Bl E/8-9 Batam,batam
Toko Harapan Jaya,Psr Sei Harapan Bl D/2-3 Batam,batam
Mini Market Green Court,Kompl Bukit Indah Raya 2 Batam,batam
Toko Fresh 1,Top 100 Plaza Bl A/7-8 Batam,batam
Daily Mart Minimarket,Genta Plaza Bl A/8 Batam,batam
Mini Market Bahari,Kompl Nagoya Square Bl D Batam,batam
Mini Market Asli,Kompl Senawangi Asri Bl B/12-A Batam,batam
Toko Tanjung,Kompl Bumi Indah Bl I/9 Batam,batam
Toko Sumatera,Kompl Bumi Indah Bl A/35 Batam,batam
Toko Sumatera Mas,Kios Pasar 88/Kios 10 Batam,batam
Toko Sukahati,Jl Tj Pantun Kios 1038 Batam,batam
Toko Singgalang,Jl Hang Tuah RT 017/06 Batam,batam
Toko Seni Indah,Batamindo Plaza 10 Lt 3 Batam,batam
Toko Semi Indah,Jl Tj Pantun Kios 1024 Batam,batam
Toko Riau Indah,Ruko Aviari Bl C-1/3 Batam,batam
Toko Paris,Mal Centre Point 1 Batam,batam
Toko New Sijori,Jl Tj Pantun Kios 1027 Batam,batam
Toko Muchlis,Kompl Tanjung Pantun Bl C/14 Batam,batam
Toko Matahari,Jl Tj Pantun Kios 1016 Batam,batam
Toko Mas Banda Baru,Lucky Plaza Bl C/7-8 Batam,batam
Toko Liana,Jl Tj Pantun Kios 1015 Batam,batam
Toko Intan Sori,Jl Tj Pantun Kios 1029 Batam,batam
Toko Intan Sari,Perumnas Sagulung Permai Bl A/7 Batam,batam
Toko Fauzi,Jl Tj Pantun Kios 1043 Batam,batam
Toko Fajar,Kompl Bumi Indah Bl A/1 Batam,batam
Toko Djawa Sumatra,Jl Tj Pantun Kios 1013 Batam,batam
Toko Diamond Baru,Kompl Tanjung Pantun 1039 Batam,batam
Toko Cantik,Kompl Tanjung Pantun Bl BB/3 Batam,batam
PT Budi Karya,Jl Bumi Indah Bl A/5 Batam,batam
Toko Batang Anai,Jl Pasar Sagulung Mas Indah A/14 Batam,batam
Toko Banda Baru,Kompl Tanjung Pantun Bl O/1-2 Batam,batam
Banda Baru Mas,Lucky Plaza Bl D/7-8 Batam,batam
Toko Asia,Jl Bumi Indah II 33 Batam,batam
Toko Anggrek,Pasar Sei Harapan Bl E/6 Batam,batam
Toko Aneka Model,Komplek Tanjung Pantun Bl O/10 Batam,batam
Showroom dan Bengkel Fusion Motor,"JL Kuda Laut No 15
(sederet kantor pajak)
Batu Ampar - Batam",batam
SDIT Ulil Albab Sekupang Batam,Jl. Tiban Utara No.1 Tiban 1 Belakang RT/RW: 03/03 Kel. Patam lestari Kec. Sekupang,batam
CV. Faust Technology,"Tiban III Blok A7 No. 100, Patam Lestari, Sekupang, Kota Batam, Kepulauan Riau",batam
HIKMAH ASIA BATAM TOUR TRAVEL,JL. NURUL IKHLAS BLOK D NO.2 BENGKONG KOTA BATAM,batam
TK Bunga Bangsa Batam,Tiban Lama RT 02 RW 13 No.5 Kelurahan Tiban Lama Kecamatan Sekupang Kota Batam,batam
sdtechnologi,"Ruko Mega Legenda B2 No. 29, Batam Center",batam
pt c daya cipta,jln first ci komp blok 2 no b2 batam center,batam
Apotek Morrela & Praktek Dokter,jl.Sriwijaya Komplek Puri Buana No.1-2 Batam,batam
Litaro Travel & Paymant Batam,Ruko.Anggara Niaga Blok.A No.08 Sagulung Kav.lama Batuaji Batam,batam
Apotek Anugerah,Ruko Melchem Centre Blok A No.5 KSB Sei Tering Batu Ampar Batam,batam
Apotek Anugerah,Ruko Melcem Center Blok A No.5 KSB Sei Tering (Melcem Kavling)Batu Ampar Batam,batam
Bengkel Ajaib,Jl.Putri Hijau Blok N2. no15 Batu-aji,batam
Catering Semeru,Jl. Engku Putri Ruko Purimas Blok A46 Batam Centre,batam
Indo Batam,jln. cendana blok.10 N0.4 batam Center,batam
Viper Distro,diamond city mall (dc mall) blok E1 no 35 batam,batam
Mutiara Cell,kompi delta villa blok B n0.7-12 tiban baru,batam
Yemember Salon,Top 100 Plaza Blok C/3,batam
Wati Salon,Ruko Aviari Blok A-2/3-A,batam
Vista Salon,Nagoya City Centre Blok J/1,batam
Unique Salon,Business Centre Blok V/5,batam
Trendi Salon,Kompleks Nagoya Garden Blok G/7,batam
Top Star Salon,Ruko Penuin Centre Blok L/9,batam
SU Salon,Kompleks Nagoya Garden Blok A/6,batam
Stylist Salon,Ruko Inti Batam Blok F/3,batam
Sheena Salon,Kompleks Penuin Centre Blok G,batam
San San Salon,Kompleks Bumi Indah Blok V/39,batam
Sally Salon,Nagoya Business Centre Blok IV/19,batam
Risna Salon,Ruko Penuin Centre Blok C/11,batam
Riko Salon,Kompleks Lucky Permai Blok C/26,batam
Orchid Salon,Jl. Imam Bonjol Kompleks Batama Blok C/9,batam
Ningsih Salon,Kp Utama Blok G/45,batam
New Ladies Salon,Kompleks Srijaya Blok D/4,batam
Mustika Ratu,Nagoya City Centre II Blok K/6,batam
Mulia Salon,Jl. Sumber Jaya B/1,batam
Monalisa Salon,Jl. Lubuk Baja I Blok E/4,batam
Mercy Salon,Kompleks Pasar Baloi Blok IV-A/16,batam
Meggi Salon,Kompleks Tanjung Pantun Blok F/11,batam
Masakini Salon,Nagoya Plaza Hotel Lantai Dasar,batam
Magic Salon,Kompleks Srijaya Abadi Blok A/4,batam
Lisa Beauty Salon,Kompleks Capana Blok E/5,batam
Ling Ling Salon,Jl. Tanjung Pantun Blok J/10,batam
Laverna Salon,Kompleks Bumi Indah 33,batam
Krisna Salon,Kompleks Bengkong Indah Blok C/57 RT.001/03,batam
Klassik Salon,Jl. Windsor XXI Blok II/P-1,batam
Kiki Salon,Kompleks Bumi Indah Blok I/54-55,batam
